# t,px,py,pz,qx,qy,qz,qw,vx,vy,vz,thrust_x,thrust_y,thrust_z,fx,fy,fz,ff_fx,ff_fy,ff_fz,ff_tx,ff_ty,ff_tz,mode
0.000000,0.000000,0.000000,1.000000,0.000000,0.000000,0.000000,1.000000,0.000000,0.000000,0.000000,0.000000,0.000000,0.000000,0.000000,0.000000,0.000000,0.000000,0.000000,0.000000,0.000000,0.000000,0.000000
